id,name,created_at
1,testing,"2025-08-08 23:28:29"
2,yes,"2025-08-08 23:28:29"
3,6,"2025-08-08 23:33:00"
4,stuff,"2025-08-08 23:33:00"
5,test,"2025-08-09 21:18:12"
6,est,"2025-08-09 21:23:58"
7,real,"2025-08-16 05:56:29"
8,stupid,"2025-08-16 17:48:28"
9,"stupid ahhh","2025-08-16 17:48:28"
10,tag,"2025-08-16 17:48:38"
11,.,"2025-08-16 17:49:13"
12,..,"2025-08-16 17:49:13"
13,...,"2025-08-16 17:49:13"
14,....,"2025-08-16 17:49:13"
15,.....,"2025-08-16 17:49:13"
16,......,"2025-08-16 17:49:13"
17,.......,"2025-08-16 17:49:13"
18,........,"2025-08-16 17:49:13"
19,.........,"2025-08-16 17:49:13"
20,..........,"2025-08-16 17:49:13"
21,_,"2025-08-16 17:49:13"
22,__,"2025-08-16 17:49:13"
